block_name,x,y,width,height,type,layer
cc_11,772.000000,662.000000,1826.000000,3146.000000,HARD,0
cc_12,112.000000,3808.000000,3146.000000,1826.000000,HARD,0
cc_13,6404.000000,1302.000000,3146.000000,1826.000000,HARD,0
cc_14,3258.000000,3808.000000,3146.000000,1826.000000,HARD,0
cc_21,8236.000000,3128.000000,1832.000000,3186.000000,HARD,0
cc_22,4572.000000,622.000000,1832.000000,3186.000000,HARD,0
cc_23,2740.000000,622.000000,1832.000000,3186.000000,HARD,0
cc_24,6404.000000,3128.000000,1832.000000,3186.000000,HARD,0
clk,3258.000000,5634.000000,826.000000,286.000000,HARD,0
