block_name,x,y,width,height,type,layer
cc_11,0.000000,0.000000,3146.000000,1826.000000,HARD,0
cc_12,8158.000000,0.000000,1826.000000,3146.000000,HARD,0
cc_13,6332.000000,0.000000,1826.000000,3146.000000,HARD,0
cc_14,0.000000,1832.000000,3146.000000,1826.000000,HARD,0
cc_21,9990.000000,0.000000,1832.000000,3186.000000,HARD,0
cc_22,0.000000,3944.000000,1832.000000,3186.000000,HARD,0
cc_23,3146.000000,0.000000,3186.000000,1832.000000,HARD,0
cc_24,8158.000000,3146.000000,1832.000000,3186.000000,HARD,0
clk,0.000000,3658.000000,826.000000,286.000000,HARD,0
