{
  "objective": 1635265933.547226,
  "chipWidth": 6006.000000,
  "chipHeight": 8092.000000,
  "chipArea": 48600552.000000,
  "totalWirelength": 1812930.000000,
  "runtimeSeconds": 259.100455,
  "feasible": false,
  "status": "compact_aspect_or_outline_violation",
  "mode": "SA-CT-LP",
  "solver": "highs",
  "iterations": 10000,
  "seed": 1,
  "epochLength": 0,
  "initialTemperature": 100.000000,
  "initialTemperatureUsed": 2428676605.249815,
  "epochLengthUsed": 2401,
  "autoTemperature": true,
  "verboseAnnealing": false,
  "totalMoves": 10000,
  "acceptedMoves": 8870,
  "coolingRatio": 0.950000,
  "numBlocks": 49,
  "numNets": 396,
  "hasFixedOutline": true,
  "fixedOutlineWidth": 5336.000000,
  "fixedOutlineHeight": 7673.000000,
  "chipAspectLower": 1.437969,
  "chipAspectUpper": 1.437969,
  "gammaPlus": [41, 31, 28, 0, 2, 13, 36, 22, 40, 6, 47, 19, 42, 7, 43, 10, 24, 45, 4, 26, 25, 9, 37, 12, 38, 27, 34, 15, 39, 18, 14, 21, 29, 16, 30, 23, 46, 1, 48, 33, 17, 11, 44, 8, 20, 35, 3, 5, 32],
  "gammaMinus": [27, 40, 4, 37, 13, 9, 33, 3, 23, 44, 29, 17, 32, 39, 30, 35, 19, 0, 36, 18, 43, 2, 6, 45, 15, 16, 20, 48, 12, 25, 28, 46, 11, 31, 7, 34, 5, 42, 22, 21, 47, 24, 8, 10, 38, 26, 1, 14, 41]
}
