block_name,x,y,width,height,type,layer
cc_11,1731.000000,3168.000000,1826.000000,3146.000000,HARD,0
cc_12,2387.000000,3168.000000,3146.000000,1826.000000,HARD,2
cc_13,6703.000000,3168.000000,1826.000000,3146.000000,HARD,0
cc_14,3557.000000,3168.000000,3146.000000,1826.000000,HARD,0
cc_21,3514.000000,1296.000000,1832.000000,3186.000000,HARD,1
cc_22,2837.000000,1336.000000,3186.000000,1832.000000,HARD,0
cc_23,6023.000000,1336.000000,3186.000000,1832.000000,HARD,0
cc_24,4287.000000,4482.000000,3186.000000,1832.000000,HARD,1
clk,7473.000000,4985.000000,286.000000,826.000000,HARD,1
