block_name,x,y,width,height,type,layer
cc_11,561.000000,3168.000000,1826.000000,3146.000000,HARD,2
cc_12,2387.000000,3828.000000,3146.000000,1826.000000,HARD,2
cc_13,5556.000000,1339.000000,1826.000000,3146.000000,HARD,1
cc_14,2124.000000,1999.000000,3146.000000,1826.000000,HARD,1
cc_21,4876.000000,1296.000000,1832.000000,3186.000000,HARD,0
cc_22,3044.000000,3128.000000,1832.000000,3186.000000,HARD,0
cc_23,4876.000000,4482.000000,3186.000000,1832.000000,HARD,0
cc_24,4767.000000,1996.000000,3186.000000,1832.000000,HARD,2
clk,5270.000000,4985.000000,286.000000,826.000000,HARD,1
