{
  "objective": 72979.258500,
  "chipWidth": 1316.000000,
  "chipHeight": 847.000000,
  "chipArea": 1114652.000000,
  "totalWirelength": 67786.000000,
  "totalTsvCount": 44.000000,
  "thermalCost": 325850.000000,
  "tsvOverlapCost": 79.000000,
  "runtimeSeconds": 1543.022596,
  "feasible": true,
  "status": "3d_kim_construction_feasible",
  "mode": "SA-3D-CT-LP",
  "solver": "highs",
  "iterations": 100000,
  "seed": 1,
  "epochLength": 250,
  "initialTemperature": 1000.000000,
  "initialTemperatureUsed": 1000.000000,
  "epochLengthUsed": 250,
  "autoTemperature": false,
  "verboseAnnealing": false,
  "totalMoves": 100000,
  "acceptedMoves": 29321,
  "coolingRatio": 0.950000,
  "numBlocks": 33,
  "numNets": 121,
  "numLayers": 2,
  "objectiveMode": "fixed-outline",
  "tsvWeight": 100.000000,
  "thermalWeight": 0.000010,
  "tsvKeepoutWeight": 10.000000,
  "thermalTsvBenefitWeight": 0.000000,
  "tsvDiameter": 1.000000,
  "tsvKeepoutRadius": 0.000000,
  "hasFixedOutline": true,
  "fixedOutlineWidth": 1326.000000,
  "fixedOutlineHeight": 1205.000000,
  "chipAspectLower": 0.908748,
  "chipAspectUpper": 0.908748,
  "gamma1": [29, 30, 5, 1, 3, 2, 31, 4, 11, 18, 32, 9, 14, 15, 13, 6, 8, 12, 16, 10, 0, 22, 27, 28, 7, 23, 17, 21, 24, 26, 20, 25, 19],
  "gamma2": [4, 1, 2, 30, 32, 27, 7, 20, 12, 0, 8, 23, 14, 3, 25, 15, 19, 24, 22, 17, 11, 29, 5, 10, 16, 31, 28, 21, 26, 6, 9, 18, 13],
  "gamma3": [18, 12, 9, 6, 14, 1, 2, 7, 15, 11, 25, 27, 3, 29, 19, 13, 26, 24, 10, 8, 17, 4, 0, 20, 32, 28, 31, 22, 30, 23, 16, 5, 21],
  "rotated": [false, true, true, false, false, false, false, true, false, false, false, true, true, false, true, false, false, false, true, true, false, false, false, true, true, false, true, true, false, false, false, true, false]
}
