block_name,x,y,width,height,type,layer
cc_11,0.000000,0.000000,1826.000000,3146.000000,HARD,0
cc_12,1826.000000,0.000000,1826.000000,3146.000000,HARD,0
cc_13,3652.000000,0.000000,1826.000000,3146.000000,HARD,0
cc_14,5478.000000,0.000000,1826.000000,3146.000000,HARD,0
cc_21,7304.000000,0.000000,1832.000000,3186.000000,HARD,0
cc_22,9136.000000,0.000000,1832.000000,3186.000000,HARD,0
cc_23,10968.000000,0.000000,1832.000000,3186.000000,HARD,0
cc_24,12800.000000,0.000000,1832.000000,3186.000000,HARD,0
clk,14632.000000,0.000000,286.000000,826.000000,HARD,0
