{
  "objective": 82980.251413,
  "chipWidth": 1326.000000,
  "chipHeight": 1205.000000,
  "chipArea": 1597830.000000,
  "totalWirelength": 76027.000000,
  "totalTsvCount": 61.000000,
  "thermalCost": 325141.250000,
  "tsvOverlapCost": 85.000000,
  "runtimeSeconds": 271.975438,
  "feasible": true,
  "status": "3d_lp_optimal",
  "mode": "SA-3D-CT-LP",
  "solver": "highs",
  "iterations": 20000,
  "seed": 1,
  "epochLength": 250,
  "initialTemperature": 1000.000000,
  "initialTemperatureUsed": 1000.000000,
  "epochLengthUsed": 250,
  "autoTemperature": false,
  "verboseAnnealing": false,
  "totalMoves": 20000,
  "acceptedMoves": 5819,
  "coolingRatio": 0.950000,
  "numBlocks": 33,
  "numNets": 121,
  "numLayers": 3,
  "objectiveMode": "fixed-outline",
  "tsvWeight": 100.000000,
  "thermalWeight": 0.000010,
  "tsvKeepoutWeight": 10.000000,
  "thermalTsvBenefitWeight": 0.000000,
  "tsvDiameter": 1.000000,
  "tsvKeepoutRadius": 0.000000,
  "hasFixedOutline": true,
  "fixedOutlineWidth": 1326.000000,
  "fixedOutlineHeight": 1205.000000,
  "chipAspectLower": 0.908748,
  "chipAspectUpper": 0.908748,
  "gamma1": [1, 32, 30, 31, 10, 20, 29, 2, 11, 18, 3, 9, 7, 8, 14, 4, 22, 15, 16, 13, 27, 5, 12, 0, 21, 24, 6, 28, 23, 26, 17, 25, 19],
  "gamma2": [28, 16, 27, 4, 23, 17, 19, 29, 7, 0, 12, 31, 8, 3, 2, 32, 20, 22, 9, 30, 10, 14, 15, 11, 21, 1, 26, 25, 24, 5, 18, 13, 6],
  "gamma3": [4, 23, 28, 0, 18, 11, 19, 29, 3, 9, 7, 22, 2, 8, 5, 6, 31, 15, 24, 1, 14, 27, 30, 25, 17, 12, 13, 16, 26, 10, 20, 21, 32],
  "rotated": [true, true, true, true, true, true, false, false, false, false, false, true, true, true, true, false, false, false, false, true, true, false, false, true, false, true, true, false, false, false, true, true, true]
}
