{
  "objective": 74609440.470588,
  "chipWidth": 1365.000000,
  "chipHeight": 1232.000000,
  "chipArea": 1681680.000000,
  "totalWirelength": 165667.000000,
  "runtimeSeconds": 87.681488,
  "feasible": false,
  "status": "compact_aspect_or_outline_violation",
  "mode": "SA-CT-LP",
  "solver": "mosek",
  "iterations": 10000,
  "seed": 1,
  "epochLength": 0,
  "initialTemperature": 100.000000,
  "initialTemperatureUsed": 412738290.331111,
  "epochLengthUsed": 1089,
  "autoTemperature": true,
  "verboseAnnealing": false,
  "totalMoves": 10000,
  "acceptedMoves": 8541,
  "coolingRatio": 0.950000,
  "numBlocks": 33,
  "numNets": 121,
  "hasFixedOutline": true,
  "fixedOutlineWidth": 1326.000000,
  "fixedOutlineHeight": 1205.000000,
  "chipAspectLower": 0.908748,
  "chipAspectUpper": 0.908748,
  "gammaPlus": [9, 16, 22, 29, 17, 27, 31, 26, 32, 1, 8, 4, 10, 25, 13, 6, 12, 14, 18, 3, 19, 7, 15, 30, 23, 2, 21, 20, 11, 5, 24, 0, 28],
  "gammaMinus": [12, 21, 25, 4, 0, 10, 32, 26, 31, 30, 2, 9, 27, 5, 23, 29, 20, 13, 15, 18, 8, 14, 19, 22, 1, 11, 16, 7, 28, 3, 17, 6, 24]
}
