block_name,x,y,width,height,type,layer
cc_11,0.000000,0.000000,1826.000000,3146.000000,HARD,1
cc_12,0.000000,0.000000,3146.000000,1826.000000,HARD,2
cc_13,3146.000000,3186.000000,1826.000000,3146.000000,HARD,0
cc_14,0.000000,3186.000000,3146.000000,1826.000000,HARD,0
cc_21,1832.000000,0.000000,1832.000000,3186.000000,HARD,0
cc_22,0.000000,0.000000,1832.000000,3186.000000,HARD,0
cc_23,3664.000000,0.000000,3186.000000,1832.000000,HARD,0
cc_24,1826.000000,0.000000,3186.000000,1832.000000,HARD,1
clk,1826.000000,1832.000000,286.000000,826.000000,HARD,1
