block_name,x,y,width,height,type,layer
cc_11,1229.000000,4485.000000,3146.000000,1826.000000,HARD,1
cc_12,1255.000000,1976.000000,3146.000000,1826.000000,HARD,0
cc_13,4401.000000,1316.000000,1826.000000,3146.000000,HARD,0
cc_14,6227.000000,1976.000000,3146.000000,1826.000000,HARD,0
cc_21,6904.000000,1296.000000,1832.000000,3186.000000,HARD,1
cc_22,6227.000000,3805.000000,3186.000000,1832.000000,HARD,0
cc_23,4375.000000,3128.000000,1832.000000,3186.000000,HARD,1
cc_24,6207.000000,4482.000000,3186.000000,1832.000000,HARD,1
clk,4401.000000,4985.000000,286.000000,826.000000,HARD,0
