block_name,x,y,width,height,type,layer
cc_11,0.000000,1826.000000,1826.000000,3146.000000,HARD,0
cc_12,0.000000,0.000000,3146.000000,1826.000000,HARD,0
cc_13,3652.000000,1832.000000,1826.000000,3146.000000,HARD,0
cc_14,1826.000000,1832.000000,1826.000000,3146.000000,HARD,0
cc_21,0.000000,0.000000,1832.000000,3186.000000,HARD,1
cc_22,3186.000000,3186.000000,3186.000000,1832.000000,HARD,1
cc_23,3146.000000,0.000000,3186.000000,1832.000000,HARD,0
cc_24,0.000000,3186.000000,3186.000000,1832.000000,HARD,1
clk,6372.000000,3186.000000,286.000000,826.000000,HARD,1
