block_name,x,y,width,height,type,layer
cc_11,1127.000000,3168.000000,3146.000000,1826.000000,HARD,1
cc_12,2387.000000,1976.000000,3146.000000,1826.000000,HARD,2
cc_13,7085.000000,682.000000,1826.000000,3146.000000,HARD,1
cc_14,467.000000,1342.000000,3146.000000,1826.000000,HARD,1
cc_21,6405.000000,1296.000000,3186.000000,1832.000000,HARD,0
cc_22,3219.000000,4482.000000,3186.000000,1832.000000,HARD,0
cc_23,6405.000000,4482.000000,3186.000000,1832.000000,HARD,0
cc_24,3899.000000,4482.000000,1832.000000,3186.000000,HARD,1
clk,3613.000000,4985.000000,286.000000,826.000000,HARD,1
