block_name,x,y,width,height,type,layer
cc_11,0.000000,4488.000000,3146.000000,1826.000000,HARD,0
cc_12,1907.000000,2662.000000,3146.000000,1826.000000,HARD,0
cc_13,5073.000000,2650.000000,3146.000000,1826.000000,HARD,0
cc_14,6707.000000,824.000000,3146.000000,1826.000000,HARD,0
cc_21,1887.000000,830.000000,3186.000000,1832.000000,HARD,0
cc_22,8239.000000,4482.000000,3186.000000,1832.000000,HARD,0
cc_23,8219.000000,2650.000000,3186.000000,1832.000000,HARD,0
cc_24,5053.000000,4482.000000,3186.000000,1832.000000,HARD,0
clk,1081.000000,4202.000000,826.000000,286.000000,HARD,0
