{
  "objective": 1102933.000000,
  "chipWidth": 5336.000000,
  "chipHeight": 7673.000000,
  "chipArea": 40943128.000000,
  "totalWirelength": 1089924.000000,
  "runtimeSeconds": 5239.572180,
  "feasible": true,
  "status": "lp_optimal",
  "mode": "SA-CT-LP",
  "solver": "highs",
  "iterations": 200000,
  "seed": 1,
  "epochLength": 100,
  "initialTemperature": 100.000000,
  "initialTemperatureUsed": 100.000000,
  "epochLengthUsed": 100,
  "autoTemperature": false,
  "verboseAnnealing": false,
  "totalMoves": 200000,
  "acceptedMoves": 7165,
  "coolingRatio": 0.950000,
  "numBlocks": 49,
  "numNets": 396,
  "hasFixedOutline": true,
  "fixedOutlineWidth": 5336.000000,
  "fixedOutlineHeight": 7673.000000,
  "chipAspectLower": 1.437969,
  "chipAspectUpper": 1.437969,
  "gammaPlus": [36, 13, 4, 3, 27, 33, 34, 24, 35, 31, 32, 26, 25, 43, 2, 30, 17, 0, 29, 16, 28, 23, 1, 18, 19, 6, 40, 39, 15, 48, 42, 45, 12, 8, 10, 11, 21, 20, 14, 44, 7, 22, 41, 37, 5, 9, 38, 47, 46],
  "gammaMinus": [0, 45, 48, 13, 5, 8, 35, 28, 7, 47, 14, 1, 17, 46, 6, 15, 44, 27, 18, 30, 37, 36, 38, 26, 40, 33, 24, 29, 41, 25, 9, 39, 21, 19, 23, 4, 16, 20, 32, 34, 22, 12, 31, 43, 3, 10, 11, 42, 2]
}
