block_name,x,y,width,height,type,layer
cc_11,2661.000000,3168.000000,1826.000000,3146.000000,HARD,0
cc_12,2001.000000,1342.000000,3146.000000,1826.000000,HARD,0
cc_13,6313.000000,3168.000000,1826.000000,3146.000000,HARD,0
cc_14,4487.000000,3168.000000,1826.000000,3146.000000,HARD,0
cc_21,7670.000000,1296.000000,1832.000000,3186.000000,HARD,1
cc_22,6993.000000,4482.000000,3186.000000,1832.000000,HARD,1
cc_23,5147.000000,1336.000000,3186.000000,1832.000000,HARD,0
cc_24,3807.000000,4482.000000,3186.000000,1832.000000,HARD,1
clk,10179.000000,4985.000000,286.000000,826.000000,HARD,1
