{
  "objective": 548772.223600,
  "chipWidth": 4676.000000,
  "chipHeight": 5152.000000,
  "chipArea": 24090752.000000,
  "totalWirelength": 517307.000000,
  "totalTsvCount": 260.000000,
  "thermalCost": 22522360.000000,
  "tsvOverlapCost": 524.000000,
  "runtimeSeconds": 3258.214464,
  "feasible": true,
  "status": "3d_kim_construction_feasible",
  "mode": "SA-3D-CT-LP",
  "solver": "highs",
  "iterations": 50000,
  "seed": 1,
  "epochLength": 500,
  "initialTemperature": 1000.000000,
  "initialTemperatureUsed": 1000.000000,
  "epochLengthUsed": 500,
  "autoTemperature": false,
  "verboseAnnealing": false,
  "totalMoves": 50000,
  "acceptedMoves": 12332,
  "coolingRatio": 0.950000,
  "numBlocks": 49,
  "numNets": 396,
  "numLayers": 3,
  "objectiveMode": "fixed-outline",
  "tsvWeight": 100.000000,
  "thermalWeight": 0.000010,
  "tsvKeepoutWeight": 10.000000,
  "thermalTsvBenefitWeight": 0.000000,
  "tsvDiameter": 1.000000,
  "tsvKeepoutRadius": 0.000000,
  "hasFixedOutline": true,
  "fixedOutlineWidth": 5336.000000,
  "fixedOutlineHeight": 7673.000000,
  "chipAspectLower": 1.437969,
  "chipAspectUpper": 1.437969,
  "gamma1": [37, 2, 22, 38, 18, 3, 1, 8, 6, 20, 23, 7, 19, 14, 21, 15, 27, 39, 48, 34, 13, 40, 42, 41, 16, 35, 25, 0, 26, 24, 17, 47, 43, 9, 30, 36, 44, 5, 28, 33, 12, 46, 32, 45, 10, 31, 11, 29, 4],
  "gamma2": [7, 4, 36, 6, 41, 8, 35, 28, 0, 23, 30, 1, 2, 5, 24, 19, 21, 29, 40, 38, 20, 12, 39, 13, 17, 16, 37, 25, 3, 15, 26, 14, 22, 45, 31, 43, 34, 18, 48, 42, 10, 47, 32, 46, 11, 9, 44, 33, 27],
  "gamma3": [19, 7, 23, 12, 43, 20, 32, 41, 44, 33, 38, 14, 39, 40, 8, 36, 35, 24, 21, 31, 4, 11, 6, 15, 25, 37, 1, 10, 26, 28, 30, 42, 16, 13, 2, 27, 48, 18, 17, 47, 45, 0, 9, 46, 22, 29, 34, 5, 3],
  "rotated": [false, false, false, false, true, true, false, false, false, true, true, false, false, false, false, false, false, false, true, true, false, false, true, true, true, true, false, false, true, true, true, false, true, true, false, true, false, true, false, false, true, true, false, true, true, false, true, true, false]
}
