{
  "objective": 82083.500000,
  "chipWidth": 1326.000000,
  "chipHeight": 1205.000000,
  "chipArea": 1597830.000000,
  "totalWirelength": 79552.500000,
  "runtimeSeconds": 840.466495,
  "feasible": true,
  "status": "lp_optimal",
  "mode": "SA-CT-LP",
  "solver": "highs",
  "iterations": 100000,
  "seed": 1,
  "epochLength": 100,
  "initialTemperature": 100.000000,
  "initialTemperatureUsed": 100.000000,
  "epochLengthUsed": 100,
  "autoTemperature": false,
  "verboseAnnealing": false,
  "totalMoves": 100000,
  "acceptedMoves": 3842,
  "coolingRatio": 0.950000,
  "numBlocks": 33,
  "numNets": 121,
  "hasFixedOutline": true,
  "fixedOutlineWidth": 1326.000000,
  "fixedOutlineHeight": 1205.000000,
  "chipAspectLower": 0.908748,
  "chipAspectUpper": 0.908748,
  "gammaPlus": [4, 2, 1, 5, 24, 3, 13, 20, 15, 30, 14, 32, 25, 31, 8, 29, 18, 9, 0, 7, 23, 12, 11, 26, 6, 21, 19, 22, 16, 27, 10, 28, 17],
  "gammaMinus": [6, 3, 29, 11, 2, 10, 31, 1, 32, 7, 22, 30, 17, 13, 16, 8, 23, 9, 28, 15, 18, 20, 4, 12, 5, 0, 27, 14, 24, 19, 26, 25, 21]
}
