block_name,x,y,width,height,type,layer
cc_11,0.000000,4488.000000,3146.000000,1826.000000,HARD,0
cc_12,1621.000000,2662.000000,3146.000000,1826.000000,HARD,0
cc_13,4787.000000,2650.000000,3146.000000,1826.000000,HARD,0
cc_14,6707.000000,824.000000,3146.000000,1826.000000,HARD,0
cc_21,1601.000000,830.000000,3186.000000,1832.000000,HARD,0
cc_22,7953.000000,4482.000000,3186.000000,1832.000000,HARD,0
cc_23,7933.000000,2650.000000,3186.000000,1832.000000,HARD,0
cc_24,4767.000000,4482.000000,3186.000000,1832.000000,HARD,0
clk,795.000000,4202.000000,826.000000,286.000000,HARD,0
